Route_name,Route_link
Guwahati to Shillong,https://www.redbus.in/bus-tickets/guwahati-to-shillong
Shillong to Guwahati,https://www.redbus.in/bus-tickets/shillong-to-guwahati
Tura (Meghalaya) to Shillong,https://www.redbus.in/bus-tickets/tura-meghalaya-to-shillong
Shillong to Tura (Meghalaya),https://www.redbus.in/bus-tickets/shillong-to-tura-meghalaya
Shillong to Williamnagar (Meghalaya),https://www.redbus.in/bus-tickets/shillong-to-williamnagar-meghalaya
Williamnagar (Meghalaya) to Shillong,https://www.redbus.in/bus-tickets/williamnagar-meghalaya-to-shillong
Shillong to Silchar,https://www.redbus.in/bus-tickets/shillong-to-silchar
Phulbari to Shillong,https://www.redbus.in/bus-tickets/phulbari-to-shillong
Shillong to Phulbari,https://www.redbus.in/bus-tickets/shillong-to-phulbari
Shillong to Karimganj,https://www.redbus.in/bus-tickets/shillong-to-karimganj
Silchar to Shillong,https://www.redbus.in/bus-tickets/silchar-to-shillong
Karimganj to Shillong,https://www.redbus.in/bus-tickets/karimganj-to-shillong
Shillong to Ramkrishnanagar,https://www.redbus.in/bus-tickets/shillong-to-ramkrishnanagar
Shillong to Hailakandi,https://www.redbus.in/bus-tickets/shillong-to-hailakandi
Hailakandi to Shillong,https://www.redbus.in/bus-tickets/hailakandi-to-shillong
Tikrikilla to Shillong,https://www.redbus.in/bus-tickets/tikrikilla-to-shillong
Ramkrishnanagar to Shillong,https://www.redbus.in/bus-tickets/ramkrishnanagar-to-shillong
Nongpoh to Guwahati,https://www.redbus.in/bus-tickets/nongpoh-to-guwahati
Agia (Assam) to Shillong,https://www.redbus.in/bus-tickets/agia-to-shillong
